<addon id="plugin.video.myplugin"
       name="My Video Plugin"
       version="1.0.0"
       provider-name="YourName">
    <requires>
        <import addon="xbmc.python" version="3.0.0"/>
    </requires>
    <extension point="xbmc.python.pluginsource" library="default.py" />
    <extension point="xbmc.addon.metadata">
        <summary>My first Kodi plugin</summary>
        <description>Streams videos from a web source.</description>
        <platform>all</platform>
    </extension>
</addon>
